<?xml version="1.0" encoding="UTF-8"?>
<metadata xml:lang="en"><Esri><CreaDate>20220415</CreaDate><CreaTime>14390900</CreaTime><ArcGISFormat>1.0</ArcGISFormat><SyncOnce>TRUE</SyncOnce><DataProperties><lineage><Process ToolSource="c:\program files\arcgis\pro\Resources\ArcToolbox\toolboxes\Spatial Analyst Tools.tbx\Reclassify" Date="20220415" Time="143909">Reclassify landuse8 Value "11 11;13 13;31 31;41 41;51 51;100 100;201 201;202 202;203 203;204 204;205 206;209 209;210 210" D:\GIS\swat-tools\luuchecker_sample_data\luuchecker\landuse8 DATA</Process></lineage><LayerFile>{"type":"CIMLayerDocument","version":"2.7.0","build":26828,"layers":["CIMPATH=map/landuse82.xml"],"layerDefinitions":[{"type":"CIMRasterLayer","name":"landuse8","uRI":"CIMPATH=map/landuse82.xml","sourceModifiedTime":{"type":"TimeInstant"},"useSourceMetadata":true,"description":"landuse8","layerElevation":{"type":"CIMLayerElevationSurface","mapElevationID":"{F980BE12-230E-4949-8214-99EB3A64BF2D}"},"expanded":true,"layerType":"Operational","showLegends":true,"visibility":true,"displayCacheType":"Permanent","maxDisplayCacheAge":5,"showPopups":true,"serviceLayerID":-1,"refreshRate":-1,"refreshRateUnit":"esriTimeUnitsSeconds","blendingMode":"Alpha","dataConnection":{"type":"CIMStandardDataConnection","workspaceConnectionString":"DATABASE=D:\\GIS\\swat-tools\\luuchecker_sample_data\\luuchecker\\","workspaceFactory":"Raster","dataset":"landuse8","datasetType":"esriDTRasterDataset"},"colorizer":{"type":"CIMRasterUniqueValueColorizer","resamplingType":"NearestNeighbor","fieldName":"Value","groups":[{"type":"CIMRasterUniqueValueGroup","classes":[{"type":"CIMRasterUniqueValueClass","values":["11"],"label":"11","color":{"type":"CIMRGBColor","values":[126,103,215,100]}},{"type":"CIMRasterUniqueValueClass","values":["13"],"label":"13","color":{"type":"CIMRGBColor","values":[124,200,83,100]}},{"type":"CIMRasterUniqueValueClass","values":["31"],"label":"31","color":{"type":"CIMRGBColor","values":[230,122,99,100]}},{"type":"CIMRasterUniqueValueClass","values":["41"],"label":"41","color":{"type":"CIMRGBColor","values":[155,224,245,100]}},{"type":"CIMRasterUniqueValueClass","values":["51"],"label":"51","color":{"type":"CIMRGBColor","values":[243,204,93,100]}},{"type":"CIMRasterUniqueValueClass","values":["100"],"label":"100","color":{"type":"CIMRGBColor","values":[137,50,88,100]}},{"type":"CIMRasterUniqueValueClass","values":["201"],"label":"201","color":{"type":"CIMRGBColor","values":[82,150,113,100]}},{"type":"CIMRasterUniqueValueClass","values":["202"],"label":"202","color":{"type":"CIMRGBColor","values":[234,91,212,100]}},{"type":"CIMRasterUniqueValueClass","values":["203"],"label":"203","color":{"type":"CIMRGBColor","values":[64,91,129,100]}},{"type":"CIMRasterUniqueValueClass","values":["204"],"label":"204","color":{"type":"CIMRGBColor","values":[136,125,55,100]}},{"type":"CIMRasterUniqueValueClass","values":["206"],"label":"206","color":{"type":"CIMRGBColor","values":[99,250,190,100]}},{"type":"CIMRasterUniqueValueClass","values":["209"],"label":"209","color":{"type":"CIMRGBColor","values":[86,158,245,100]}},{"type":"CIMRasterUniqueValueClass","values":["210"],"label":"210","color":{"type":"CIMRGBColor","values":[227,146,182,100]}}],"heading":"Value"}],"colorRamp":{"type":"CIMRandomHSVColorRamp","colorSpace":{"type":"CIMICCColorSpace","url":"Default RGB"},"maxH":360,"minS":33,"maxS":66,"minV":50,"maxV":99,"minAlpha":100,"maxAlpha":100}},"attributeTable":{"type":"CIMRasterTable","displayField":"VALUE","editable":true}}]}</LayerFile></DataProperties></Esri></metadata>
