<?xml version="1.0"?>
<!--<!DOCTYPE metadata SYSTEM "http://www.esri.com/metadata/esriprof80.dtd">-->
<metadata xml:lang="en"><Esri><CreaDate>20110701</CreaDate><CreaTime>16022600</CreaTime><SyncOnce>TRUE</SyncOnce><MetaID>{7E3A7B26-276F-4205-8DFD-146326B3F24E}</MetaID></Esri><idinfo><citation><citeinfo><onlink Sync="TRUE">\\STUDIO\Users\dm\Desktop\NP\SWAT2009_LUC\Example_Dataset\landuse\landuse5</onlink></citeinfo></citation></idinfo><distInfo><distributor><distorTran><onLineSrc><linkage Sync="TRUE">file://\\STUDIO\Users\dm\Desktop\NP\SWAT2009_LUC\Example_Dataset\landuse\landuse5</linkage><protocol Sync="TRUE">Local Area Network</protocol></onLineSrc></distorTran></distributor></distInfo><dataqual><lineage><procstep><procdesc Sync="TRUE">Dataset copied.</procdesc><srcused Sync="TRUE">C:\Users\dm\Desktop\NP\SWAT2009_LUC\Example_Dataset\SWAT_Model\Watershed\Grid\landuse5</srcused><procdate Sync="TRUE">20110701</procdate><proctime Sync="TRUE">16022600</proctime></procstep></lineage></dataqual></metadata>
