<?xml version="1.0"?>
<!--<!DOCTYPE metadata SYSTEM "http://www.esri.com/metadata/esriprof80.dtd">-->
<metadata xml:lang="en"><Esri><CreaDate>20110701</CreaDate><CreaTime>16024500</CreaTime><SyncOnce>TRUE</SyncOnce><MetaID>{42EB64E7-7A80-45B2-B4E5-19E4CE967F79}</MetaID></Esri><idinfo><citation><citeinfo><onlink Sync="TRUE">\\STUDIO\Users\dm\Desktop\NP\SWAT2009_LUC\Example_Dataset\landuse\landuse8</onlink></citeinfo></citation></idinfo><distInfo><distributor><distorTran><onLineSrc><linkage Sync="TRUE">file://\\STUDIO\Users\dm\Desktop\NP\SWAT2009_LUC\Example_Dataset\landuse\landuse8</linkage><protocol Sync="TRUE">Local Area Network</protocol></onLineSrc></distorTran></distributor></distInfo><dataqual><lineage><procstep><procdesc Sync="TRUE">Dataset copied.</procdesc><srcused Sync="TRUE">C:\Users\dm\Desktop\NP\SWAT2009_LUC\Example_Dataset\SWAT_Model\Watershed\Grid\landuse8</srcused><procdate Sync="TRUE">20110701</procdate><proctime Sync="TRUE">16024500</proctime></procstep></lineage></dataqual></metadata>
