<?xml version="1.0"?>
<!--<!DOCTYPE metadata SYSTEM "http://www.esri.com/metadata/esriprof80.dtd">-->
<metadata xml:lang="en"><Esri><CreaDate>20110701</CreaDate><CreaTime>16023500</CreaTime><SyncOnce>TRUE</SyncOnce><MetaID>{22F5CE5D-554D-4846-944C-D83817B518DE}</MetaID></Esri><idinfo><citation><citeinfo><onlink Sync="TRUE">\\STUDIO\Users\dm\Desktop\NP\SWAT2009_LUC\Example_Dataset\landuse\landuse6</onlink></citeinfo></citation></idinfo><distInfo><distributor><distorTran><onLineSrc><linkage Sync="TRUE">file://\\STUDIO\Users\dm\Desktop\NP\SWAT2009_LUC\Example_Dataset\landuse\landuse6</linkage><protocol Sync="TRUE">Local Area Network</protocol></onLineSrc></distorTran></distributor></distInfo><dataqual><lineage><procstep><procdesc Sync="TRUE">Dataset copied.</procdesc><srcused Sync="TRUE">C:\Users\dm\Desktop\NP\SWAT2009_LUC\Example_Dataset\SWAT_Model\Watershed\Grid\landuse6</srcused><procdate Sync="TRUE">20110701</procdate><proctime Sync="TRUE">16023500</proctime></procstep></lineage></dataqual></metadata>
